Direction,Mean (bytes),Max (bytes),Min (bytes)
Forward,166.3632562493287,2199,60
Backward,629.2655330559801,10079,72
Overall,353.1945356664658,10079,60
