Direction,Mean (bytes),Max (bytes),Min (bytes)
Forward,151.6775094402453,1641,60
Backward,725.7652927523211,10075,72
Overall,383.98990323044757,10075,60
